Topic,Ref
Whooping cough,https://cks.nice.org.uk/topics/whooping-cough/
Warts - anogenital,https://cks.nice.org.uk/topics/warts-anogenital/
Vitiligo,https://cks.nice.org.uk/topics/vitiligo/
Vitamin D deficiency in children,https://cks.nice.org.uk/topics/vitamin-d-deficiency-in-children/
Vitamin D deficiency in adults,https://cks.nice.org.uk/topics/vitamin-d-deficiency-in-adults/
Vestibular neuronitis,https://cks.nice.org.uk/topics/vestibular-neuronitis/
Veruccae and warts,https://cks.nice.org.uk/topics/warts-verrucae/
Vertigo,https://cks.nice.org.uk/topics/vertigo/
Varicose veins,https://cks.nice.org.uk/topics/varicose-veins/
Varicocele,https://cks.nice.org.uk/topics/varicocele/
Vaginal discharge,https://cks.nice.org.uk/topics/vaginal-discharge/
Uveitis,https://cks.nice.org.uk/topics/uveitis/
Urticaria,https://cks.nice.org.uk/topics/urticaria/
Urological cancers - recognition and referral,https://cks.nice.org.uk/topics/urological-cancers-recognition-referral/
Urinary tract infection (lower) - women,https://cks.nice.org.uk/topics/urinary-tract-infection-lower-women/
Urinary tract infection (lower) - men,https://cks.nice.org.uk/topics/urinary-tract-infection-lower-men/
Urinary tract infection - children,https://cks.nice.org.uk/topics/urinary-tract-infection-children/
Urethritis - male,https://cks.nice.org.uk/topics/urethritis-male/
Undescended testes,https://cks.nice.org.uk/topics/undescended-testes/
Ulcerative colitis,https://cks.nice.org.uk/topics/ulcerative-colitis/
Tuberculosis,https://cks.nice.org.uk/topics/tuberculosis/
Trigeminal neuralgia,https://cks.nice.org.uk/topics/trigeminal-neuralgia/
Trichomoniasis,https://cks.nice.org.uk/topics/trichomoniasis/
Tiredness or fatigue in adults,https://cks.nice.org.uk/topics/tiredness-fatigue-in-adults/
Tinnitus,https://cks.nice.org.uk/topics/tinnitus/
Threadworm,https://cks.nice.org.uk/topics/threadworm/
Tennis elbow,https://cks.nice.org.uk/topics/tennis-elbow/
Temporomandibular disorders (TMDs),https://cks.nice.org.uk/topics/temporomandibular-disorders-tmds/
Teething,https://cks.nice.org.uk/topics/teething/
Tamoxifen - managing adverse effects,https://cks.nice.org.uk/topics/tamoxifen-managing-adverse-effects/
Syphilis,https://cks.nice.org.uk/topics/syphilis/
Support for adult carers,https://cks.nice.org.uk/topics/support-for-adult-carers/
Superficial vein thrombosis (superficial thrombophlebitis),https://cks.nice.org.uk/topics/superficial-vein-thrombosis-superficial-thrombophlebitis/
Stroke and TIA,https://cks.nice.org.uk/topics/stroke-tia/
Squint in children,https://cks.nice.org.uk/topics/squint-in-children/
Sprains and strains,https://cks.nice.org.uk/topics/sprains-strains/
Sore throat - acute,https://cks.nice.org.uk/topics/sore-throat-acute/
Smoking cessation,https://cks.nice.org.uk/topics/smoking-cessation/
Sleep disorders - shift work and jet lag,https://cks.nice.org.uk/topics/sleep-disorders-shift-work-jet-lag/
Skin cancers - recognition and referral,https://cks.nice.org.uk/topics/skin-cancers-recognition-referral/
Sinusitis,https://cks.nice.org.uk/topics/sinusitis/
Sickle cell disease,https://cks.nice.org.uk/topics/sickle-cell-disease/
Shoulder pain,https://cks.nice.org.uk/topics/shoulder-pain/
Shingles,https://cks.nice.org.uk/topics/shingles/
Sepsis,https://cks.nice.org.uk/topics/sepsis/
Self-harm,https://cks.nice.org.uk/topics/self-harm/
Seborrhoeic dermatitis,https://cks.nice.org.uk/topics/seborrhoeic-dermatitis/
Scrotal pain and swelling,https://cks.nice.org.uk/topics/scrotal-pain-swelling/
Scarlet fever,https://cks.nice.org.uk/topics/scarlet-fever/
Scabies,https://cks.nice.org.uk/topics/scabies/
Safeguarding adults in care homes,https://cks.nice.org.uk/topics/safeguarding-adults-in-care-homes/
Rubella,https://cks.nice.org.uk/topics/rubella/
Roundworm,https://cks.nice.org.uk/topics/roundworm/
Rosacea,https://cks.nice.org.uk/topics/rosacea/
Rheumatoid arthritis,https://cks.nice.org.uk/topics/rheumatoid-arthritis/
Retinal detachment,https://cks.nice.org.uk/topics/retinal-detachment/
Restless legs syndrome,https://cks.nice.org.uk/topics/restless-legs-syndrome/
Rehabilitation after traumatic injury,https://cks.nice.org.uk/topics/rehabilitation-after-traumatic-injury/
Red eye,https://cks.nice.org.uk/topics/red-eye/
Raynaud's phenomenon,https://cks.nice.org.uk/topics/raynauds-phenomenon/
Radiculopathy (lumbar) - sciatica,https://cks.nice.org.uk/topics/sciatica-lumbar-radiculopathy/
Pyelonephritis - acute,https://cks.nice.org.uk/topics/pyelonephritis-acute/
Pulmonary embolism,https://cks.nice.org.uk/topics/pulmonary-embolism/
Pubic lice,https://cks.nice.org.uk/topics/pubic-lice/
Psychosis and schizophrenia,https://cks.nice.org.uk/topics/psychosis-schizophrenia/
Psoriasis,https://cks.nice.org.uk/topics/psoriasis/
Pruritus vulvae,https://cks.nice.org.uk/topics/pruritus-vulvae/
Pruritus ani,https://cks.nice.org.uk/topics/pruritus-ani/
Prostatitis - chronic,https://cks.nice.org.uk/topics/prostatitis-chronic/
Prostatitis - acute,https://cks.nice.org.uk/topics/prostatitis-acute/
Prostate cancer,https://cks.nice.org.uk/topics/prostate-cancer/
Premenstrual syndrome,https://cks.nice.org.uk/topics/premenstrual-syndrome/
Pre-conception - advice and management,https://cks.nice.org.uk/topics/pre-conception-advice-management/
Postnatal care,https://cks.nice.org.uk/topics/postnatal-care/
Post-traumatic stress disorder,https://cks.nice.org.uk/topics/post-traumatic-stress-disorder/
Polymyalgia rheumatica,https://cks.nice.org.uk/topics/polymyalgia-rheumatica/
Polycystic ovary syndrome,https://cks.nice.org.uk/topics/polycystic-ovary-syndrome/
Poisoning or overdose,https://cks.nice.org.uk/topics/poisoning-or-overdose/
Platelets - abnormal counts and cancer,https://cks.nice.org.uk/topics/platelets-abnormal-counts-cancer/
Plantar fasciitis,https://cks.nice.org.uk/topics/plantar-fasciitis/
Pityriasis versicolor,https://cks.nice.org.uk/topics/pityriasis-versicolor/
Pityriasis rosea,https://cks.nice.org.uk/topics/pityriasis-rosea/
Pilonidal sinus disease,https://cks.nice.org.uk/topics/pilonidal-sinus-disease/
Peripheral arterial disease,https://cks.nice.org.uk/topics/peripheral-arterial-disease/
Pelvic inflammatory disease,https://cks.nice.org.uk/topics/pelvic-inflammatory-disease/
Parvovirus B19 infection,https://cks.nice.org.uk/topics/parvovirus-b19-infection/
Paronychia - acute,https://cks.nice.org.uk/topics/paronychia-acute/
Parkinson's disease,https://cks.nice.org.uk/topics/parkinsons-disease/
Pancreatitis - chronic,https://cks.nice.org.uk/topics/pancreatitis-chronic/
Pancreatitis - acute,https://cks.nice.org.uk/topics/pancreatitis-acute/
Palpitations,https://cks.nice.org.uk/topics/palpitations/
Palliative care - secretions,https://cks.nice.org.uk/topics/palliative-care-secretions/
Palliative care - oral,https://cks.nice.org.uk/topics/palliative-care-oral/
Palliative care - nausea and vomiting,https://cks.nice.org.uk/topics/palliative-care-nausea-vomiting/
Palliative care - malignant skin ulcer,https://cks.nice.org.uk/topics/palliative-care-malignant-skin-ulcer/
Palliative care - general issues,https://cks.nice.org.uk/topics/palliative-care-general-issues/
Palliative care - dyspnoea,https://cks.nice.org.uk/topics/palliative-care-dyspnoea/
Palliative care - cough,https://cks.nice.org.uk/topics/palliative-care-cough/
Palliative care - constipation,https://cks.nice.org.uk/topics/palliative-care-constipation/
Palliative cancer care - pain,https://cks.nice.org.uk/topics/palliative-cancer-care-pain/
Ovarian cancer,https://cks.nice.org.uk/topics/ovarian-cancer/
Otitis media with effusion,https://cks.nice.org.uk/topics/otitis-media-with-effusion/
Otitis media - chronic suppurative,https://cks.nice.org.uk/topics/otitis-media-chronic-suppurative/
Otitis media - acute,https://cks.nice.org.uk/topics/otitis-media-acute/
Otitis externa,https://cks.nice.org.uk/topics/otitis-externa/
Osteoporosis - prevention of fragility fractures,https://cks.nice.org.uk/topics/osteoporosis-prevention-of-fragility-fractures/
Osteoarthritis,https://cks.nice.org.uk/topics/osteoarthritis/
Osgood-Schlatter disease,https://cks.nice.org.uk/topics/osgood-schlatter-disease/
Opioid dependence,https://cks.nice.org.uk/topics/opioid-dependence/
Olecranon bursitis,https://cks.nice.org.uk/topics/olecranon-bursitis/
Obstructive sleep apnoea syndrome,https://cks.nice.org.uk/topics/obstructive-sleep-apnoea-syndrome/
Obsessive-compulsive disorder,https://cks.nice.org.uk/topics/obsessive-compulsive-disorder/
Obesity,https://cks.nice.org.uk/topics/obesity/
NSAIDs - prescribing issues,https://cks.nice.org.uk/topics/nsaids-prescribing-issues/
Non-alcoholic fatty liver disease (NAFLD),https://cks.nice.org.uk/topics/non-alcoholic-fatty-liver-disease-nafld/
Neutropenic sepsis,https://cks.nice.org.uk/topics/neutropenic-sepsis/
Neuropathic pain - drug treatment,https://cks.nice.org.uk/topics/neuropathic-pain-drug-treatment/
Neuralgia - post-herpetic,https://cks.nice.org.uk/topics/post-herpetic-neuralgia/
Neck pain - whiplash injury,https://cks.nice.org.uk/topics/neck-pain-whiplash-injury/
Neck pain - non-specific,https://cks.nice.org.uk/topics/neck-pain-non-specific/
Neck pain - acute torticollis,https://cks.nice.org.uk/topics/neck-pain-acute-torticollis/
Neck lump,https://cks.nice.org.uk/topics/neck-lump/
Nausea or vomiting in pregnancy,https://cks.nice.org.uk/topics/nausea-vomiting-in-pregnancy/
Nappy rash,https://cks.nice.org.uk/topics/nappy-rash/
Mumps,https://cks.nice.org.uk/topics/mumps/
Multiple sclerosis,https://cks.nice.org.uk/topics/multiple-sclerosis/
Multiple myeloma,https://cks.nice.org.uk/topics/multiple-myeloma/
Multimorbidity,https://cks.nice.org.uk/topics/multimorbidity/
MRSA in primary care,https://cks.nice.org.uk/topics/mrsa-in-primary-care/
Morton's neuroma,https://cks.nice.org.uk/topics/mortons-neuroma/
Molluscum contagiosum,https://cks.nice.org.uk/topics/molluscum-contagiosum/
Miscarriage,https://cks.nice.org.uk/topics/miscarriage/
Migraine,https://cks.nice.org.uk/topics/migraine/
MI - secondary prevention,https://cks.nice.org.uk/topics/mi-secondary-prevention/
Mental health in students,https://cks.nice.org.uk/topics/mental-health-in-students/
Menorrhagia,https://cks.nice.org.uk/topics/menorrhagia/
Menopause,https://cks.nice.org.uk/topics/menopause/
Meniere's disease,https://cks.nice.org.uk/topics/menieres-disease/
Melanoma,https://cks.nice.org.uk/topics/melanoma/
Measles,https://cks.nice.org.uk/topics/measles/
Male pattern hair loss (male androgenetic alopecia),https://cks.nice.org.uk/topics/male-pattern-hair-loss-male-androgenetic-alopecia/
Malaria prophylaxis,https://cks.nice.org.uk/topics/malaria-prophylaxis/
Malaria,https://cks.nice.org.uk/topics/malaria/
Lyme disease,https://cks.nice.org.uk/topics/lyme-disease/
LUTS in men,https://cks.nice.org.uk/topics/luts-in-men/
Lung and pleural cancers - recognition and referral,https://cks.nice.org.uk/topics/lung-pleural-cancers-recognition-referral/
Long-term effects of coronavirus (long COVID),https://cks.nice.org.uk/topics/long-term-effects-of-coronavirus-long-covid/
Lipodermatosclerosis and venous eczema,https://cks.nice.org.uk/topics/venous-eczema-lipodermatosclerosis/
Leg ulcer - venous,https://cks.nice.org.uk/topics/leg-ulcer-venous/
Leg cramps,https://cks.nice.org.uk/topics/leg-cramps/
Learning disabilities,https://cks.nice.org.uk/topics/learning-disabilities/
Lacerations,https://cks.nice.org.uk/topics/lacerations/
Knee pain - assessment,https://cks.nice.org.uk/topics/knee-pain-assessment/
Jaundice in the newborn,https://cks.nice.org.uk/topics/jaundice-in-the-newborn/
Jaundice in adults,https://cks.nice.org.uk/topics/jaundice-in-adults/
Itch in pregnancy,https://cks.nice.org.uk/topics/itch-in-pregnancy/
Itch - widespread,https://cks.nice.org.uk/topics/itch-widespread/
Irritable bowel syndrome,https://cks.nice.org.uk/topics/irritable-bowel-syndrome/
Integrated health and social care for people experiencing homelessness,https://cks.nice.org.uk/topics/integrated-health-social-care-for-people-experiencing-homelessness/
Insomnia,https://cks.nice.org.uk/topics/insomnia/
Influenza - seasonal,https://cks.nice.org.uk/topics/influenza-seasonal/
Infertility,https://cks.nice.org.uk/topics/infertility/
"Incontinence - urinary, in women",https://cks.nice.org.uk/topics/incontinence-urinary-in-women/
Impetigo,https://cks.nice.org.uk/topics/impetigo/
Immunizations - travel,https://cks.nice.org.uk/topics/immunizations-travel/
Immunizations - seasonal influenza,https://cks.nice.org.uk/topics/immunizations-seasonal-influenza/
Immunizations - pneumococcal,https://cks.nice.org.uk/topics/immunizations-pneumococcal/
Immunizations - childhood,https://cks.nice.org.uk/topics/immunizations-childhood/
Hypothyroidism,https://cks.nice.org.uk/topics/hypothyroidism/
Hyponatraemia,https://cks.nice.org.uk/topics/hyponatraemia/
Hyperthyroidism,https://cks.nice.org.uk/topics/hyperthyroidism/
Hypertension in pregnancy,https://cks.nice.org.uk/topics/hypertension-in-pregnancy/
Hypertension,https://cks.nice.org.uk/topics/hypertension/
Hyperhidrosis,https://cks.nice.org.uk/topics/hyperhidrosis/
Hypercholesterolaemia - familial,https://cks.nice.org.uk/topics/hypercholesterolaemia-familial/
Hypercalcaemia,https://cks.nice.org.uk/topics/hypercalcaemia/
Hordeola (styes),https://cks.nice.org.uk/topics/styes-hordeola/
Hirsutism,https://cks.nice.org.uk/topics/hirsutism/
Hiccups,https://cks.nice.org.uk/topics/hiccups/
Herpetic whitlow - and staphylococcal,https://cks.nice.org.uk/topics/whitlow-staphylococcal-herpetic/
Herpes simplex - oral,https://cks.nice.org.uk/topics/herpes-simplex-oral/
Herpes simplex - ocular,https://cks.nice.org.uk/topics/herpes-simplex-ocular/
Herpes simplex - genital,https://cks.nice.org.uk/topics/herpes-simplex-genital/
Hepatitis C,https://cks.nice.org.uk/topics/hepatitis-c/
Hepatitis B,https://cks.nice.org.uk/topics/hepatitis-b/
Hepatitis A,https://cks.nice.org.uk/topics/hepatitis-a/
Heart failure - chronic,https://cks.nice.org.uk/topics/heart-failure-chronic/
Hearing loss in adults,https://cks.nice.org.uk/topics/hearing-loss-in-adults/
Healthcare-associated infections,https://cks.nice.org.uk/topics/healthcare-associated-infections/
Headache - tension-type,https://cks.nice.org.uk/topics/headache-tension-type/
Headache - medication overuse,https://cks.nice.org.uk/topics/headache-medication-overuse/
Headache - cluster,https://cks.nice.org.uk/topics/headache-cluster/
Headache - assessment,https://cks.nice.org.uk/topics/headache-assessment/
Head lice,https://cks.nice.org.uk/topics/head-lice/
Head injury,https://cks.nice.org.uk/topics/head-injury/
Head and neck cancers - recognition and referral,https://cks.nice.org.uk/topics/head-neck-cancers-recognition-referral/
Hand foot and mouth disease,https://cks.nice.org.uk/topics/hand-foot-mouth-disease/
Halitosis,https://cks.nice.org.uk/topics/halitosis/
Haemorrhoids,https://cks.nice.org.uk/topics/haemorrhoids/
Haematospermia,https://cks.nice.org.uk/topics/haematospermia/
Haematological cancers - recognition and referral,https://cks.nice.org.uk/topics/haematological-cancers-recognition-referral/
Gynaecological cancers - recognition and referral,https://cks.nice.org.uk/topics/gynaecological-cancers-recognition-referral/
Greater trochanteric pain syndrome,https://cks.nice.org.uk/topics/greater-trochanteric-pain-syndrome/
Gout,https://cks.nice.org.uk/topics/gout/
GORD in children,https://cks.nice.org.uk/topics/gord-in-children/
Gonorrhoea,https://cks.nice.org.uk/topics/gonorrhoea/
Glaucoma,https://cks.nice.org.uk/topics/glaucoma/
Glandular fever (infectious mononucleosis),https://cks.nice.org.uk/topics/glandular-fever-infectious-mononucleosis/
Gingivitis and periodontitis,https://cks.nice.org.uk/topics/gingivitis-periodontitis/
Gilbert's syndrome,https://cks.nice.org.uk/topics/gilberts-syndrome/
Giant cell arteritis,https://cks.nice.org.uk/topics/giant-cell-arteritis/
Generalized anxiety disorder,https://cks.nice.org.uk/topics/generalized-anxiety-disorder/
Gastrointestinal tract (upper) cancers - recognition and referral,https://cks.nice.org.uk/topics/gastrointestinal-tract-upper-cancers-recognition-referral/
Gastrointestinal tract (lower) cancers - recognition and referral,https://cks.nice.org.uk/topics/gastrointestinal-tract-lower-cancers-recognition-referral/
Gastroenteritis,https://cks.nice.org.uk/topics/gastroenteritis/
Gallstones,https://cks.nice.org.uk/topics/gallstones/
Fungal skin infection - scalp,https://cks.nice.org.uk/topics/fungal-skin-infection-scalp/
Fungal skin infection - foot,https://cks.nice.org.uk/topics/fungal-skin-infection-foot/
Fungal skin infection - body and groin,https://cks.nice.org.uk/topics/fungal-skin-infection-body-groin/
Fungal nail infection,https://cks.nice.org.uk/topics/fungal-nail-infection/
Food allergy,https://cks.nice.org.uk/topics/food-allergy/
Fibroids,https://cks.nice.org.uk/topics/fibroids/
Feverish children - risk assessment,https://cks.nice.org.uk/topics/feverish-children-risk-assessment/
Feverish children - management,https://cks.nice.org.uk/topics/feverish-children-management/
Female pattern hair loss (female androgenetic alopecia),https://cks.nice.org.uk/topics/female-pattern-hair-loss-female-androgenetic-alopecia/
Febrile seizure,https://cks.nice.org.uk/topics/febrile-seizure/
Faltering growth,https://cks.nice.org.uk/topics/faltering-growth/
Falls - risk assessment,https://cks.nice.org.uk/topics/falls-risk-assessment/
Faecal incontinence in adults,https://cks.nice.org.uk/topics/faecal-incontinence-in-adults/
Erythrocytosis/polycythaemia,https://cks.nice.org.uk/topics/polycythaemia-erythrocytosis/
Erectile dysfunction,https://cks.nice.org.uk/topics/erectile-dysfunction/
Epistaxis (nosebleeds),https://cks.nice.org.uk/topics/epistaxis-nosebleeds/
Epilepsy,https://cks.nice.org.uk/topics/epilepsy/
Endometriosis,https://cks.nice.org.uk/topics/endometriosis/
End of life care in children,https://cks.nice.org.uk/topics/end-of-life-care-in-children/
Eczema - atopic,https://cks.nice.org.uk/topics/eczema-atopic/
Ectopic pregnancy,https://cks.nice.org.uk/topics/ectopic-pregnancy/
Eating disorders,https://cks.nice.org.uk/topics/eating-disorders/
Earwax,https://cks.nice.org.uk/topics/earwax/
Dyspepsia - unidentified cause,https://cks.nice.org.uk/topics/dyspepsia-unidentified-cause/
Dyspepsia - proven peptic ulcer,https://cks.nice.org.uk/topics/dyspepsia-proven-peptic-ulcer/
Dyspepsia - proven GORD,https://cks.nice.org.uk/topics/dyspepsia-proven-gord/
Dyspepsia - proven functional,https://cks.nice.org.uk/topics/dyspepsia-proven-functional/
Dyspepsia - pregnancy-associated,https://cks.nice.org.uk/topics/dyspepsia-pregnancy-associated/
Dysmenorrhoea,https://cks.nice.org.uk/topics/dysmenorrhoea/
DVT prevention for travellers,https://cks.nice.org.uk/topics/dvt-prevention-for-travellers/
Dupuytren's disease,https://cks.nice.org.uk/topics/dupuytrens-disease/
Dry eye disease,https://cks.nice.org.uk/topics/dry-eye-disease/
Domestic violence and abuse,https://cks.nice.org.uk/topics/domestic-violence-abuse/
DMARDs,https://cks.nice.org.uk/topics/dmards/
Diverticular disease,https://cks.nice.org.uk/topics/diverticular-disease/
Diarrhoea - prevention and advice for travellers,https://cks.nice.org.uk/topics/diarrhoea-prevention-advice-for-travellers/
Diarrhoea - antibiotic associated,https://cks.nice.org.uk/topics/diarrhoea-antibiotic-associated/
Diarrhoea - adult's assessment,https://cks.nice.org.uk/topics/diarrhoea-adults-assessment/
Diabetes type 2 - insulin therapy,https://cks.nice.org.uk/topics/insulin-therapy-in-type-2-diabetes/
Diabetes type 1 - insulin therapy,https://cks.nice.org.uk/topics/insulin-therapy-in-type-1-diabetes/
Diabetes - type 2,https://cks.nice.org.uk/topics/diabetes-type-2/
Diabetes - type 1,https://cks.nice.org.uk/topics/diabetes-type-1/
Developmental rheumatology in children,https://cks.nice.org.uk/topics/developmental-rheumatology-in-children/
Dermatitis - contact,https://cks.nice.org.uk/topics/dermatitis-contact/
Depression in children,https://cks.nice.org.uk/topics/depression-in-children/
Depression,https://cks.nice.org.uk/topics/depression/
Dental abscess,https://cks.nice.org.uk/topics/dental-abscess/
Dementia,https://cks.nice.org.uk/topics/dementia/
Delirium,https://cks.nice.org.uk/topics/delirium/
Deep vein thrombosis,https://cks.nice.org.uk/topics/deep-vein-thrombosis/
CVD risk assessment and management,https://cks.nice.org.uk/topics/cvd-risk-assessment-management/
CVD prevention - lipid modification,https://cks.nice.org.uk/topics/lipid-modification-cvd-prevention/
Croup,https://cks.nice.org.uk/topics/croup/
Crohn's disease,https://cks.nice.org.uk/topics/crohns-disease/
Cow's milk allergy in children,https://cks.nice.org.uk/topics/cows-milk-allergy-in-children/
Cough - acute with chest signs in children,https://cks.nice.org.uk/topics/cough-acute-with-chest-signs-in-children/
Cough,https://cks.nice.org.uk/topics/cough/
"Corticosteroids - topical (skin), nose, and eyes",https://cks.nice.org.uk/topics/corticosteroids-topical-skin-nose-eyes/
Corticosteroids - oral,https://cks.nice.org.uk/topics/corticosteroids-oral/
Corticosteroids - inhaled,https://cks.nice.org.uk/topics/corticosteroids-inhaled/
Coronavirus - COVID-19,https://cks.nice.org.uk/topics/coronavirus-covid-19/
Corneal superficial injury,https://cks.nice.org.uk/topics/corneal-superficial-injury/
Contraception - sterilization,https://cks.nice.org.uk/topics/contraception-sterilization/
Contraception - progestogen-only methods,https://cks.nice.org.uk/topics/contraception-progestogen-only-methods/
Contraception - natural family planning,https://cks.nice.org.uk/topics/contraception-natural-family-planning/
Contraception - IUS/IUD,https://cks.nice.org.uk/topics/contraception-ius-iud/
Contraception - emergency,https://cks.nice.org.uk/topics/contraception-emergency/
Contraception - combined hormonal methods,https://cks.nice.org.uk/topics/contraception-combined-hormonal-methods/
Contraception - barrier methods and spermicides,https://cks.nice.org.uk/topics/contraception-barrier-methods-spermicides/
Contraception - assessment,https://cks.nice.org.uk/topics/contraception-assessment/
Constipation in children,https://cks.nice.org.uk/topics/constipation-in-children/
Constipation,https://cks.nice.org.uk/topics/constipation/
Conjunctivitis - infective,https://cks.nice.org.uk/topics/conjunctivitis-infective/
Conjunctivitis - allergic,https://cks.nice.org.uk/topics/conjunctivitis-allergic/
Conduct disorders in children and young people,https://cks.nice.org.uk/topics/conduct-disorders-in-children-young-people/
Compression stockings,https://cks.nice.org.uk/topics/compression-stockings/
Common cold,https://cks.nice.org.uk/topics/common-cold/
Colic - renal or ureteric (acute),https://cks.nice.org.uk/topics/renal-or-ureteric-colic-acute/
Colic - infantile,https://cks.nice.org.uk/topics/colic-infantile/
Coeliac disease,https://cks.nice.org.uk/topics/coeliac-disease/
Cirrhosis,https://cks.nice.org.uk/topics/cirrhosis/
Chronic pain,https://cks.nice.org.uk/topics/chronic-pain/
Chronic obstructive pulmonary disease,https://cks.nice.org.uk/topics/chronic-obstructive-pulmonary-disease/
Chronic kidney disease,https://cks.nice.org.uk/topics/chronic-kidney-disease/
Cholesteatoma,https://cks.nice.org.uk/topics/cholesteatoma/
Cholecystitis - acute,https://cks.nice.org.uk/topics/cholecystitis-acute/
Chlamydia - uncomplicated genital,https://cks.nice.org.uk/topics/chlamydia-uncomplicated-genital/
Childhood cancers - recognition and referral,https://cks.nice.org.uk/topics/childhood-cancers-recognition-referral/
Child maltreatment - recognition and management,https://cks.nice.org.uk/topics/child-maltreatment-recognition-management/
Chilblains,https://cks.nice.org.uk/topics/chilblains/
Chickenpox,https://cks.nice.org.uk/topics/chickenpox/
Chest pain,https://cks.nice.org.uk/topics/chest-pain/
Chest infections - adult,https://cks.nice.org.uk/topics/chest-infections-adult/
Chalazion (meibomian cyst),https://cks.nice.org.uk/topics/meibomian-cyst-chalazion/
Cervical screening,https://cks.nice.org.uk/topics/cervical-screening/
Cervical radiculopathy - neck pain,https://cks.nice.org.uk/topics/neck-pain-cervical-radiculopathy/
Cervical cancer and HPV,https://cks.nice.org.uk/topics/cervical-cancer-hpv/
Cerebral palsy,https://cks.nice.org.uk/topics/cerebral-palsy/
Cellulitis - acute,https://cks.nice.org.uk/topics/cellulitis-acute/
Cataracts,https://cks.nice.org.uk/topics/cataracts/
Carpal tunnel syndrome,https://cks.nice.org.uk/topics/carpal-tunnel-syndrome/
Cardiac arrest - out of hospital care,https://cks.nice.org.uk/topics/cardiac-arrest-out-of-hospital-care/
Carbon monoxide poisoning,https://cks.nice.org.uk/topics/carbon-monoxide-poisoning/
Candida - skin,https://cks.nice.org.uk/topics/candida-skin/
Candida - oral,https://cks.nice.org.uk/topics/candida-oral/
Candida - female genital,https://cks.nice.org.uk/topics/candida-female-genital/
Bursitis - pre-patellar,https://cks.nice.org.uk/topics/pre-patellar-bursitis/
Burns and scalds,https://cks.nice.org.uk/topics/burns-scalds/
Bunions,https://cks.nice.org.uk/topics/bunions/
Bruising,https://cks.nice.org.uk/topics/bruising/
Bronchiectasis,https://cks.nice.org.uk/topics/bronchiectasis/
Breathlessness,https://cks.nice.org.uk/topics/breathlessness/
Breastfeeding problems,https://cks.nice.org.uk/topics/breastfeeding-problems/
Breast screening,https://cks.nice.org.uk/topics/breast-screening/
Breast pain - cyclical,https://cks.nice.org.uk/topics/breast-pain-cyclical/
Breast cancer - recognition and referral,https://cks.nice.org.uk/topics/breast-cancer-recognition-referral/
Breast cancer - managing FH,https://cks.nice.org.uk/topics/breast-cancer-managing-fh/
Breast abscess and mastitis,https://cks.nice.org.uk/topics/mastitis-breast-abscess/
Brain and central nervous system cancers - recognition and referral,https://cks.nice.org.uk/topics/brain-central-nervous-system-cancers-recognition-referral/
Bowel screening,https://cks.nice.org.uk/topics/bowel-screening/
Bone and soft tissue sarcoma - recognition and referral,https://cks.nice.org.uk/topics/bone-soft-tissue-sarcoma-recognition-referral/
"Boils, carbuncles, and staphylococcal carriage",https://cks.nice.org.uk/topics/boils-carbuncles-staphylococcal-carriage/
Blepharitis,https://cks.nice.org.uk/topics/blepharitis/
Blackouts,https://cks.nice.org.uk/topics/blackouts/
Bites and stings - insect,https://cks.nice.org.uk/topics/insect-bites-stings/
Bipolar disorder,https://cks.nice.org.uk/topics/bipolar-disorder/
Benzodiazepine and z-drug withdrawal,https://cks.nice.org.uk/topics/benzodiazepine-z-drug-withdrawal/
Benign paroxysmal positional vertigo,https://cks.nice.org.uk/topics/benign-paroxysmal-positional-vertigo/
Bell's palsy,https://cks.nice.org.uk/topics/bells-palsy/
Bedwetting (enuresis),https://cks.nice.org.uk/topics/bedwetting-enuresis/
Balanitis,https://cks.nice.org.uk/topics/balanitis/
Baker's cyst,https://cks.nice.org.uk/topics/bakers-cyst/
Bacterial vaginosis,https://cks.nice.org.uk/topics/bacterial-vaginosis/
Bacterial meningitis and meningococcal disease,https://cks.nice.org.uk/topics/meningitis-bacterial-meningitis-meningococcal-disease/
Back pain - low (without radiculopathy),https://cks.nice.org.uk/topics/back-pain-low-without-radiculopathy/
Autism in children,https://cks.nice.org.uk/topics/autism-in-children/
Autism in adults,https://cks.nice.org.uk/topics/autism-in-adults/
Attention deficit hyperactivity disorder,https://cks.nice.org.uk/topics/attention-deficit-hyperactivity-disorder/
Atrial fibrillation,https://cks.nice.org.uk/topics/atrial-fibrillation/
Asthma,https://cks.nice.org.uk/topics/asthma/
Appendicitis,https://cks.nice.org.uk/topics/appendicitis/
Aphthous ulcer,https://cks.nice.org.uk/topics/aphthous-ulcer/
Antiplatelet treatment,https://cks.nice.org.uk/topics/antiplatelet-treatment/
Anticoagulation - oral,https://cks.nice.org.uk/topics/anticoagulation-oral/
Antenatal care - uncomplicated pregnancy,https://cks.nice.org.uk/topics/antenatal-care-uncomplicated-pregnancy/
Antenatal and postnatal depression,https://cks.nice.org.uk/topics/depression-antenatal-postnatal/
Ankylosing spondylitis,https://cks.nice.org.uk/topics/ankylosing-spondylitis/
Animal and human bites,https://cks.nice.org.uk/topics/bites-human-animal/
Angio-oedema and anaphylaxis,https://cks.nice.org.uk/topics/angio-oedema-anaphylaxis/
Angina,https://cks.nice.org.uk/topics/angina/
Analgesia - mild-to-moderate pain,https://cks.nice.org.uk/topics/analgesia-mild-to-moderate-pain/
Anal fissure,https://cks.nice.org.uk/topics/anal-fissure/
Anaemia - iron deficiency,https://cks.nice.org.uk/topics/anaemia-iron-deficiency/
Anaemia - B12 and folate deficiency,https://cks.nice.org.uk/topics/anaemia-b12-folate-deficiency/
Amenorrhoea,https://cks.nice.org.uk/topics/amenorrhoea/
Alopecia areata,https://cks.nice.org.uk/topics/alopecia-areata/
Allergic rhinitis,https://cks.nice.org.uk/topics/allergic-rhinitis/
Alcohol - problem drinking,https://cks.nice.org.uk/topics/alcohol-problem-drinking/
AIDS and HIV infection,https://cks.nice.org.uk/topics/hiv-infection-aids/
Age-related macular degeneration,https://cks.nice.org.uk/topics/macular-degeneration-age-related/
Adverse drug reactions,https://cks.nice.org.uk/topics/adverse-drug-reactions/
Addison's disease,https://cks.nice.org.uk/topics/addisons-disease/
Acute kidney injury,https://cks.nice.org.uk/topics/acute-kidney-injury/
Acute childhood limp,https://cks.nice.org.uk/topics/acute-childhood-limp/
Acne vulgaris,https://cks.nice.org.uk/topics/acne-vulgaris/
Achilles tendinopathy,https://cks.nice.org.uk/topics/achilles-tendinopathy/